run_id,LassoNet,XGBoost,RF
0,"([0, 4, 5, 6, 7, 9, 11, 15, 17, 18, 19, 21, 23, 26, 27, 28, 29, 30, 32, 33, 34, 35, 38, 39, 44, 51, 54, 55, 56, 57, 60, 61, 63, 65, 67, 68, 71, 75, 77, 78, 79, 80, 84, 91, 94, 95, 97, 98, 100, 101, 103, 104, 105, 106, 109, 110, 111, 112, 115, 117, 118, 119, 121, 122, 124, 125, 126, 128, 131, 134, 135, 136, 138, 139, 142, 145, 150, 152, 153, 155, 156, 159, 160, 162, 168, 169, 170, 177, 178, 182, 183, 184, 185, 188, 190, 192, 193, 194, 196, 197, 198, 200, 201, 204, 205, 207, 208, 209, 211, 212, 213, 215, 216, 217, 218, 219, 221, 222, 224, 227, 228, 229, 230, 233, 234, 235, 237, 240, 242, 244, 245, 247], 200.81462624078287)","([], 248.78749316968995)","([4, 77, 80, 105, 128], 291.1597078874069)"
1,"([], 253.9485211435992)","([86, 108, 109, 129, 153, 197, 233], 364.9204396301672)","([16, 17, 44, 69, 85, 86, 124, 140, 153, 188, 193, 197, 208, 233], 239.36376001654088)"
2,"([1, 5, 6, 9, 13, 14, 16, 17, 24, 29, 37, 39, 40, 41, 44, 45, 46, 47, 48, 49, 50, 51, 52, 55, 58, 62, 73, 74, 80, 82, 88, 91, 93, 94, 96, 101, 102, 105, 109, 112, 113, 114, 118, 119, 122, 126, 128, 133, 135, 136, 137, 140, 142, 146, 147, 148, 150, 152, 156, 158, 161, 167, 169, 175, 176, 177, 178, 184, 187, 192, 193, 194, 196, 197, 200, 201, 203, 208, 209, 212, 214, 215, 217, 218, 219, 221, 226, 227, 234, 238, 240, 241, 243, 244, 248], 150.1057234388573)","([150, 155, 184, 193, 209], 350.10637800554315)","([51, 73, 150, 167, 184, 193, 209, 217, 248], 220.8829851658742)"
3,"([0, 11, 14, 15, 17, 24, 32, 33, 35, 36, 42, 43, 50, 56, 59, 64, 68, 71, 74, 80, 81, 84, 86, 87, 88, 91, 92, 93, 101, 106, 107, 108, 113, 114, 115, 116, 117, 120, 122, 123, 127, 128, 129, 130, 131, 133, 139, 143, 144, 146, 150, 151, 153, 165, 166, 167, 170, 172, 176, 180, 182, 183, 186, 187, 191, 192, 194, 198, 202, 204, 206, 210, 211, 215, 220, 221, 227, 229, 232, 236, 237, 238, 245, 246, 247, 248], 190.76090149853238)","([], 261.8528487891209)","([], 261.8528487891209)"
4,"([0, 1, 2, 3, 4, 5, 6, 7, 8, 9, 10, 12, 13, 14, 15, 16, 17, 18, 19, 20, 21, 22, 23, 24, 25, 26, 27, 28, 29, 30, 31, 33, 34, 35, 36, 37, 38, 39, 40, 41, 42, 43, 44, 45, 46, 47, 48, 49, 50, 51, 52, 53, 54, 55, 56, 57, 58, 59, 60, 61, 62, 63, 64, 65, 66, 67, 68, 69, 70, 71, 72, 73, 74, 75, 76, 77, 79, 81, 82, 84, 85, 86, 87, 88, 89, 90, 91, 92, 93, 95, 96, 97, 98, 99, 100, 101, 102, 103, 104, 105, 106, 107, 108, 109, 110, 111, 112, 113, 114, 115, 116, 117, 118, 119, 120, 121, 122, 123, 124, 125, 126, 127, 128, 130, 131, 132, 133, 134, 135, 137, 138, 139, 140, 141, 142, 143, 144, 145, 146, 147, 148, 149, 150, 151, 152, 153, 154, 155, 156, 157, 158, 159, 160, 161, 162, 163, 164, 166, 167, 168, 169, 171, 172, 173, 174, 175, 176, 177, 178, 179, 180, 181, 182, 184, 185, 186, 187, 188, 189, 190, 191, 192, 193, 194, 195, 196, 197, 198, 199, 200, 201, 202, 203, 204, 205, 207, 208, 209, 210, 211, 212, 213, 214, 215, 216, 217, 218, 219, 220, 221, 222, 223, 224, 225, 226, 227, 228, 229, 231, 232, 233, 234, 235, 236, 237, 238, 239, 240, 241, 242, 243, 244, 245, 246, 247, 248], 196.72769226241496)","([], 255.22676118334158)","([12, 14, 42, 62, 69, 145, 146, 214, 222], 244.007662673548)"
5,"([], 234.31216013036337)","([], 234.50850081617588)","([4, 102, 184], 251.44820260232086)"
6,"([], 238.56813274112588)","([], 238.8890078080848)","([71], 285.91979593804956)"
7,"([1, 4, 5, 6, 9, 11, 12, 14, 15, 19, 23, 24, 25, 27, 28, 32, 38, 41, 43, 47, 49, 52, 53, 54, 58, 61, 72, 86, 90, 91, 92, 93, 94, 96, 97, 104, 107, 114, 116, 117, 123, 124, 125, 127, 131, 132, 133, 134, 135, 142, 143, 144, 147, 148, 150, 151, 156, 157, 160, 163, 164, 166, 168, 170, 175, 177, 178, 182, 184, 186, 187, 190, 196, 197, 198, 200, 202, 207, 213, 214, 215, 218, 220, 223, 224, 226, 230, 234, 235, 245, 246, 248, 249], 189.53196730417338)","([], 259.81026300652326)","([32, 92, 151, 156, 249], 244.67409716910194)"
8,"([1, 2, 3, 4, 5, 6, 7, 8, 9, 11, 12, 13, 14, 15, 16, 19, 20, 23, 24, 25, 26, 27, 28, 31, 32, 33, 34, 35, 36, 37, 39, 40, 41, 42, 43, 45, 46, 47, 49, 50, 52, 53, 54, 55, 57, 58, 59, 60, 63, 64, 65, 66, 67, 68, 69, 70, 71, 72, 73, 74, 75, 76, 77, 79, 80, 81, 82, 83, 84, 87, 88, 91, 92, 93, 95, 100, 101, 102, 103, 104, 106, 107, 108, 109, 110, 112, 114, 115, 117, 119, 121, 123, 125, 126, 128, 129, 130, 131, 132, 133, 134, 137, 138, 140, 141, 143, 144, 145, 146, 147, 148, 149, 150, 151, 152, 153, 154, 155, 157, 158, 159, 160, 163, 166, 167, 170, 171, 172, 173, 176, 177, 179, 181, 182, 183, 184, 186, 187, 188, 189, 191, 192, 193, 194, 195, 196, 198, 203, 204, 205, 206, 207, 208, 209, 210, 211, 216, 218, 219, 221, 222, 224, 225, 226, 227, 229, 230, 231, 232, 234, 235, 236, 239, 240, 241, 243, 244, 245, 246, 248, 249], 147.12017608602065)","([187, 192], 463.6252740631986)","([72, 121, 176, 187, 191], 254.7887123847028)"
9,"([1, 3, 5, 10, 14, 15, 16, 17, 18, 19, 20, 21, 22, 23, 24, 25, 28, 33, 35, 36, 37, 39, 43, 44, 45, 46, 56, 59, 60, 61, 62, 63, 64, 65, 67, 68, 70, 75, 77, 78, 81, 85, 86, 88, 90, 93, 98, 99, 100, 102, 108, 110, 111, 112, 113, 114, 116, 117, 121, 124, 126, 129, 131, 132, 136, 137, 139, 140, 142, 143, 146, 150, 152, 156, 157, 160, 162, 166, 168, 169, 171, 172, 175, 177, 178, 179, 181, 183, 185, 186, 190, 191, 193, 194, 197, 198, 199, 201, 202, 203, 204, 205, 207, 208, 214, 215, 219, 220, 222, 224, 226, 227, 229, 230, 234, 235, 237, 238, 240, 246, 248], 196.65729174085575)","([36, 147, 177, 203, 214], 352.6813843072627)","([20, 36, 56, 135, 177, 194, 202, 214], 233.93498104188518)"
10,"([0, 1, 2, 5, 6, 10, 11, 13, 16, 17, 18, 19, 22, 23, 26, 27, 28, 32, 33, 34, 35, 38, 40, 41, 42, 47, 48, 49, 50, 51, 52, 55, 56, 57, 58, 61, 63, 66, 67, 68, 70, 71, 72, 74, 78, 81, 83, 84, 85, 86, 87, 88, 89, 90, 91, 92, 93, 97, 104, 105, 106, 107, 109, 110, 113, 115, 117, 120, 124, 126, 127, 128, 130, 131, 133, 134, 142, 145, 149, 150, 155, 156, 158, 159, 160, 162, 164, 167, 168, 171, 172, 173, 174, 175, 178, 183, 185, 189, 192, 193, 194, 196, 198, 200, 204, 207, 210, 213, 214, 215, 220, 221, 222, 223, 224, 225, 226, 227, 229, 230, 231, 233, 234, 237, 238, 240, 241, 242, 244, 245, 246, 247, 248, 249], 186.04870397146095)","([], 252.61303670251542)","([1, 27, 35, 61, 106, 133, 230, 247], 259.8635074376667)"
11,"([], 226.75274161978274)","([], 229.30369867320073)","([8, 39, 120, 124, 173], 215.02688399869155)"
12,"([], 246.09223501982518)","([199, 210, 214, 235, 245], 314.98699336249024)","([39, 120, 199, 202, 223, 235], 256.75601651746024)"
13,"([0, 1, 2, 7, 8, 11, 15, 16, 19, 21, 29, 30, 31, 35, 39, 40, 42, 43, 45, 47, 55, 56, 57, 58, 59, 61, 62, 64, 66, 68, 69, 70, 72, 73, 74, 80, 81, 82, 85, 86, 89, 94, 95, 96, 99, 100, 101, 105, 108, 110, 113, 114, 116, 117, 120, 122, 127, 129, 130, 131, 132, 133, 136, 137, 140, 141, 142, 145, 146, 147, 148, 150, 154, 155, 156, 157, 159, 161, 162, 165, 170, 171, 173, 177, 179, 180, 181, 183, 185, 186, 187, 188, 189, 196, 198, 200, 205, 209, 210, 211, 213, 215, 216, 217, 218, 219, 222, 227, 229, 230, 231, 232, 233, 234, 236, 237, 239, 241, 245, 246, 248, 249], 188.45332825083116)","([], 245.0320300607537)","([0, 99, 219], 283.1614297858053)"
14,"([], 240.1442892413694)","([205, 212], 343.5531090237713)","([110, 137, 150, 192, 205, 212], 253.32553782361873)"
15,"([0, 1, 2, 3, 4, 5, 6, 7, 8, 9, 10, 11, 12, 13, 14, 15, 16, 17, 19, 20, 21, 22, 23, 24, 25, 26, 27, 28, 29, 30, 31, 32, 33, 34, 35, 36, 37, 38, 40, 41, 42, 43, 44, 45, 47, 48, 49, 50, 51, 52, 53, 54, 55, 56, 57, 58, 59, 60, 61, 62, 63, 64, 65, 66, 67, 68, 69, 70, 71, 72, 73, 74, 75, 76, 77, 78, 80, 81, 82, 83, 84, 85, 86, 87, 88, 89, 90, 91, 92, 93, 94, 95, 96, 97, 98, 99, 100, 101, 102, 103, 104, 105, 106, 107, 108, 109, 110, 111, 112, 113, 114, 115, 116, 117, 118, 119, 120, 121, 122, 123, 124, 125, 126, 127, 128, 129, 130, 131, 132, 133, 134, 135, 136, 137, 138, 139, 140, 141, 142, 143, 144, 145, 146, 147, 148, 149, 150, 151, 152, 153, 154, 155, 156, 157, 158, 159, 160, 161, 163, 164, 165, 166, 167, 168, 169, 170, 171, 172, 173, 174, 175, 176, 177, 178, 179, 180, 181, 182, 183, 184, 185, 186, 187, 188, 189, 190, 191, 192, 193, 194, 195, 196, 197, 198, 199, 201, 202, 203, 204, 205, 206, 207, 208, 209, 210, 211, 212, 213, 214, 215, 216, 217, 218, 219, 220, 221, 222, 223, 224, 225, 226, 227, 228, 229, 231, 232, 233, 234, 235, 236, 237, 238, 239, 240, 241, 242, 243, 244, 245, 246, 247, 248, 249], 206.8755326155406)","([140, 159], 395.64898901306907)","([140], 334.42087089516946)"
16,"([0, 1, 2, 3, 4, 5, 6, 7, 8, 9, 10, 11, 12, 13, 14, 15, 16, 17, 18, 19, 20, 21, 22, 23, 24, 25, 26, 27, 28, 29, 30, 31, 32, 33, 34, 35, 36, 37, 38, 39, 40, 41, 42, 43, 44, 45, 46, 47, 48, 49, 50, 51, 52, 53, 54, 55, 56, 57, 58, 59, 60, 61, 62, 63, 64, 65, 66, 67, 68, 69, 70, 71, 72, 73, 74, 75, 76, 77, 78, 79, 80, 81, 82, 83, 84, 85, 86, 87, 88, 89, 90, 91, 92, 93, 94, 95, 96, 97, 98, 99, 100, 101, 102, 103, 104, 105, 106, 107, 108, 109, 110, 111, 112, 113, 114, 115, 116, 117, 118, 119, 120, 121, 122, 123, 124, 125, 126, 127, 128, 129, 130, 131, 132, 133, 134, 135, 136, 137, 138, 139, 140, 141, 142, 143, 144, 145, 146, 147, 148, 149, 150, 151, 152, 153, 154, 155, 156, 157, 158, 159, 160, 161, 162, 163, 164, 165, 166, 167, 168, 169, 170, 171, 172, 173, 174, 175, 176, 177, 178, 179, 180, 181, 182, 183, 184, 185, 186, 187, 188, 189, 190, 191, 192, 193, 194, 195, 196, 197, 198, 199, 200, 201, 202, 203, 204, 205, 206, 207, 208, 209, 210, 211, 212, 213, 214, 215, 216, 217, 218, 219, 220, 221, 222, 223, 224, 225, 226, 227, 228, 229, 230, 231, 232, 233, 234, 235, 236, 237, 238, 239, 240, 241, 242, 243, 244, 245, 246, 247, 248, 249], 224.37855893644104)","([73, 82, 111, 117], 408.35433603186635)","([42, 62, 73, 82, 127, 155, 167], 255.3870905827228)"
17,"([2, 4, 5, 6, 8, 9, 10, 11, 12, 13, 16, 19, 21, 26, 32, 33, 35, 37, 38, 39, 40, 41, 43, 44, 45, 46, 47, 49, 50, 54, 55, 56, 58, 61, 63, 64, 65, 66, 67, 69, 72, 73, 75, 77, 80, 81, 82, 84, 85, 87, 92, 94, 95, 98, 99, 100, 102, 107, 110, 112, 117, 120, 122, 130, 131, 133, 134, 136, 138, 139, 140, 142, 144, 145, 146, 147, 149, 153, 156, 158, 162, 164, 165, 166, 167, 169, 171, 172, 175, 180, 185, 186, 187, 188, 189, 190, 192, 195, 196, 197, 198, 201, 203, 204, 205, 206, 208, 209, 211, 212, 217, 218, 219, 220, 225, 226, 228, 229, 230, 231, 233, 235, 236, 239, 240, 242, 248, 249], 176.82266412479208)","([228], 619.2326410656394)","([11, 44, 72, 146, 204], 274.0560072599933)"
18,"([0, 1, 2, 3, 4, 5, 6, 7, 8, 9, 10, 11, 12, 13, 14, 15, 16, 17, 18, 19, 20, 21, 22, 23, 24, 25, 26, 27, 28, 29, 30, 31, 32, 33, 34, 35, 36, 37, 38, 39, 40, 41, 42, 43, 44, 45, 46, 47, 48, 49, 50, 51, 52, 53, 54, 55, 56, 57, 58, 59, 60, 61, 62, 63, 64, 65, 66, 67, 68, 69, 70, 71, 72, 73, 74, 75, 76, 77, 78, 79, 80, 81, 82, 83, 84, 85, 86, 87, 88, 89, 90, 91, 92, 93, 94, 95, 96, 97, 98, 99, 100, 101, 102, 103, 104, 105, 106, 107, 108, 109, 110, 111, 112, 113, 114, 115, 116, 117, 118, 119, 120, 121, 122, 123, 124, 125, 126, 127, 128, 129, 130, 131, 132, 133, 134, 135, 136, 137, 138, 139, 140, 141, 142, 143, 144, 145, 146, 147, 148, 149, 150, 151, 152, 153, 154, 155, 156, 157, 158, 159, 160, 161, 162, 163, 164, 165, 166, 167, 168, 169, 170, 171, 172, 173, 174, 175, 176, 177, 178, 179, 180, 181, 182, 183, 184, 185, 186, 187, 188, 189, 190, 191, 192, 193, 194, 195, 196, 197, 198, 199, 200, 201, 202, 203, 204, 205, 206, 207, 208, 209, 210, 211, 212, 213, 214, 215, 216, 217, 218, 219, 220, 221, 222, 223, 224, 225, 226, 227, 228, 229, 230, 231, 232, 233, 234, 235, 236, 237, 238, 239, 240, 241, 242, 243, 244, 245, 246, 247, 248, 249], 216.3259580595928)","([], 249.92395730546687)","([36, 166, 186], 277.17485763056413)"
19,"([1, 11, 20, 22, 36, 57, 66, 74, 75, 79, 80, 97, 101, 111, 119, 122, 127, 128, 131, 141, 150, 155, 168, 174, 178, 198, 200, 203, 214, 218, 228, 230, 231, 232, 236, 244, 247], 170.06052188156622)","([36], 438.3052803761185)","([20, 36, 80, 122, 127, 141, 168, 198, 234], 242.8704478994208)"
20,"([0, 2, 4, 5, 8, 9, 11, 12, 16, 17, 20, 21, 22, 23, 24, 30, 31, 32, 35, 37, 38, 40, 41, 42, 43, 57, 60, 64, 80, 82, 83, 91, 94, 95, 103, 104, 105, 108, 111, 115, 116, 117, 120, 125, 126, 128, 129, 131, 132, 134, 135, 138, 141, 147, 151, 154, 157, 159, 161, 162, 163, 164, 167, 169, 170, 171, 174, 175, 176, 177, 178, 179, 180, 182, 183, 184, 188, 193, 194, 195, 197, 199, 200, 205, 208, 209, 210, 213, 220, 222, 223, 225, 227, 231, 233, 237, 238, 242, 246, 248, 249], 188.42678393518037)","([57, 172, 174], 374.54974820510904)","([4, 9, 57, 60, 94, 95, 129, 184, 222, 238], 247.4822144393846)"
21,"([2, 5, 8, 10, 12, 17, 19, 20, 26, 27, 28, 30, 32, 33, 36, 38, 41, 43, 44, 47, 49, 51, 52, 60, 61, 62, 63, 66, 67, 68, 70, 71, 75, 76, 77, 79, 80, 83, 84, 85, 88, 91, 93, 94, 96, 98, 99, 102, 104, 108, 109, 113, 114, 116, 117, 120, 124, 125, 128, 129, 130, 131, 133, 134, 136, 137, 139, 141, 148, 151, 152, 155, 157, 159, 162, 163, 165, 170, 173, 174, 175, 176, 177, 178, 181, 183, 184, 186, 189, 192, 194, 197, 202, 203, 204, 207, 209, 212, 213, 214, 216, 217, 220, 224, 229, 230, 231, 234, 236, 237, 239, 241, 243], 176.21656282143059)","([212, 243], 409.2984176077673)","([2, 93, 94, 99, 113, 124, 184, 212, 243], 241.80973971540536)"
22,"([], 245.49199950723002)","([], 245.8691860429585)","([27, 148], 302.6040420524441)"
23,"([6, 20, 26, 44, 49, 57, 58, 61, 63, 70, 72, 80, 83, 85, 86, 89, 101, 102, 111, 124, 126, 136, 139, 141, 152, 173, 181, 196, 204, 213, 222, 227, 231, 232, 233, 249], 194.00793677333772)","([], 255.12910255584336)","([26, 70, 80, 83, 86, 101, 103, 126, 184, 213], 224.03486965340934)"
24,"([1, 2, 3, 4, 5, 6, 7, 8, 9, 10, 11, 12, 13, 14, 15, 16, 17, 18, 19, 20, 21, 22, 23, 24, 25, 26, 27, 28, 29, 30, 31, 32, 33, 34, 35, 36, 37, 38, 39, 40, 41, 42, 43, 44, 45, 46, 47, 48, 49, 50, 51, 52, 54, 55, 56, 57, 58, 59, 60, 61, 62, 63, 64, 65, 66, 67, 68, 69, 70, 71, 72, 73, 74, 75, 76, 77, 78, 79, 80, 81, 82, 83, 84, 85, 86, 87, 88, 89, 90, 91, 92, 93, 94, 95, 96, 97, 98, 99, 100, 101, 102, 103, 104, 105, 106, 107, 108, 109, 110, 111, 112, 113, 114, 115, 116, 117, 118, 119, 120, 121, 122, 123, 124, 125, 126, 127, 128, 129, 130, 131, 132, 133, 135, 136, 137, 138, 139, 140, 141, 142, 143, 144, 145, 146, 147, 148, 149, 150, 151, 152, 153, 154, 155, 156, 157, 158, 159, 160, 161, 162, 163, 164, 165, 166, 167, 168, 169, 170, 171, 172, 173, 174, 175, 176, 177, 178, 180, 181, 182, 183, 184, 185, 186, 187, 188, 189, 190, 191, 192, 193, 194, 195, 196, 197, 198, 200, 201, 202, 204, 205, 206, 207, 208, 209, 210, 211, 212, 213, 214, 215, 216, 217, 218, 219, 220, 221, 222, 223, 224, 225, 226, 227, 228, 231, 232, 233, 234, 235, 236, 237, 239, 240, 241, 242, 243, 244, 245, 246, 247, 248, 249], 166.30269092919028)","([228, 241], 368.9618536248741)","([40, 83, 228, 241], 284.2936075003237)"
25,"([0, 2, 5, 6, 7, 9, 10, 11, 13, 16, 17, 18, 22, 23, 24, 25, 27, 28, 30, 32, 34, 35, 36, 37, 38, 39, 41, 46, 50, 51, 52, 53, 54, 55, 56, 57, 58, 59, 60, 61, 66, 69, 71, 76, 77, 79, 80, 82, 85, 86, 87, 89, 90, 93, 94, 95, 96, 97, 100, 101, 102, 103, 108, 111, 115, 116, 117, 118, 120, 127, 133, 134, 135, 136, 138, 140, 146, 147, 148, 152, 156, 160, 162, 164, 168, 175, 177, 179, 181, 182, 184, 185, 186, 189, 191, 193, 194, 196, 198, 199, 203, 207, 208, 209, 210, 211, 212, 216, 217, 221, 228, 229, 230, 231, 233, 237, 239, 243, 246, 247], 167.08604664900759)","([], 243.33517348805753)","([36, 39, 80, 82, 159, 168, 231], 272.79718749330607)"
26,"([1, 2, 5, 8, 10, 11, 14, 15, 19, 21, 25, 35, 36, 39, 40, 41, 44, 46, 48, 49, 52, 54, 55, 56, 60, 61, 62, 63, 67, 68, 69, 70, 73, 76, 77, 78, 80, 81, 82, 83, 86, 87, 88, 90, 92, 93, 95, 96, 109, 111, 113, 115, 119, 123, 124, 126, 130, 131, 136, 139, 145, 146, 147, 151, 152, 159, 162, 165, 168, 169, 171, 173, 176, 177, 180, 181, 182, 183, 184, 191, 197, 200, 201, 204, 209, 211, 215, 217, 219, 220, 221, 223, 224, 227, 229, 230, 232, 235, 237, 238, 240, 241, 244, 245, 248], 169.48062791031325)","([171, 183, 207, 221], 417.64187884297814)","([25, 60, 67, 96, 115, 171, 183, 221, 240], 245.25706859653292)"
27,"([0, 1, 3, 4, 5, 6, 7, 8, 9, 11, 12, 13, 14, 16, 17, 18, 19, 20, 21, 23, 28, 29, 30, 33, 34, 35, 36, 37, 38, 39, 41, 42, 43, 44, 47, 48, 49, 50, 52, 53, 55, 57, 59, 61, 62, 63, 67, 68, 69, 70, 71, 73, 76, 77, 78, 80, 81, 83, 84, 85, 89, 90, 92, 93, 94, 96, 97, 100, 101, 102, 103, 104, 105, 106, 107, 108, 109, 110, 111, 112, 113, 114, 116, 117, 118, 119, 121, 122, 123, 124, 125, 127, 128, 130, 131, 132, 135, 136, 138, 139, 140, 142, 143, 145, 146, 147, 149, 150, 152, 153, 155, 156, 159, 160, 162, 164, 165, 168, 169, 170, 171, 172, 173, 175, 179, 181, 184, 185, 187, 188, 189, 191, 192, 193, 194, 195, 196, 198, 200, 202, 204, 205, 206, 208, 209, 211, 212, 213, 215, 216, 218, 219, 220, 223, 224, 227, 228, 231, 233, 235, 236, 237, 238, 239, 240, 241, 242, 243, 244, 245, 246, 247, 249], 182.2681862546333)","([187, 204], 411.70805976521797)","([131, 149, 185, 187, 191], 306.1728457785641)"
28,"([0, 1, 2, 3, 7, 8, 9, 10, 13, 16, 17, 20, 21, 27, 28, 29, 30, 32, 33, 34, 35, 36, 37, 38, 41, 44, 45, 53, 54, 55, 56, 57, 58, 59, 61, 62, 66, 67, 68, 69, 70, 71, 72, 75, 76, 77, 80, 83, 84, 86, 87, 91, 92, 93, 95, 97, 100, 103, 105, 108, 112, 114, 115, 116, 117, 122, 126, 129, 130, 131, 132, 134, 137, 140, 142, 145, 146, 148, 149, 150, 157, 158, 160, 161, 163, 165, 166, 168, 169, 170, 171, 172, 173, 175, 178, 183, 184, 185, 186, 188, 190, 191, 194, 199, 200, 202, 203, 204, 205, 206, 208, 209, 210, 212, 213, 215, 219, 221, 225, 227, 228, 229, 232, 233, 234, 236, 237, 238, 239, 241, 242, 244, 246, 248, 249], 194.1274111631236)","([77], 433.31418764231796)","([29, 34, 77, 205], 288.13301976324516)"
29,"([], 254.21819763645664)","([105, 136, 198], 423.47647946081105)","([53, 83, 136, 195, 227], 264.8545268858568)"
30,"([1, 2, 3, 4, 6, 7, 8, 9, 10, 11, 12, 13, 15, 16, 17, 18, 19, 20, 21, 22, 23, 24, 26, 28, 29, 30, 31, 32, 34, 35, 36, 37, 39, 40, 41, 42, 43, 44, 45, 46, 47, 49, 50, 53, 54, 55, 56, 57, 58, 61, 62, 63, 64, 65, 66, 67, 69, 70, 71, 72, 73, 74, 77, 80, 81, 82, 84, 85, 86, 87, 88, 89, 90, 95, 96, 99, 101, 103, 104, 105, 106, 107, 110, 112, 113, 114, 115, 117, 119, 120, 121, 122, 123, 124, 126, 129, 131, 132, 134, 135, 136, 137, 138, 139, 140, 141, 142, 143, 146, 147, 148, 151, 152, 153, 154, 155, 156, 157, 159, 160, 161, 162, 163, 164, 165, 167, 173, 174, 175, 177, 178, 180, 181, 182, 183, 184, 185, 186, 187, 188, 190, 191, 192, 194, 196, 198, 202, 203, 204, 206, 207, 208, 209, 210, 212, 213, 214, 215, 218, 220, 224, 227, 228, 231, 232, 233, 234, 235, 241, 245, 247], 192.67009527329793)","([], 258.2894122847691)","([66, 139, 148], 335.3584618761702)"
31,"([0, 3, 5, 6, 13, 14, 16, 19, 21, 23, 24, 26, 27, 39, 43, 44, 45, 48, 51, 54, 56, 57, 60, 61, 65, 67, 68, 70, 72, 76, 79, 80, 81, 82, 86, 87, 89, 93, 96, 97, 98, 100, 107, 108, 110, 111, 113, 114, 116, 117, 119, 120, 122, 127, 128, 129, 133, 136, 137, 139, 142, 143, 144, 145, 148, 149, 150, 151, 154, 156, 160, 162, 164, 166, 168, 170, 172, 173, 176, 178, 180, 181, 183, 184, 185, 187, 191, 197, 198, 199, 200, 202, 203, 205, 208, 213, 216, 220, 226, 227, 230, 231, 232, 233, 235, 236, 237, 240, 241, 242, 243, 247], 161.5967756832362)","([], 246.84290417740124)","([14, 51, 98, 117, 184, 197, 203, 247], 229.31548087013326)"
32,"([], 254.7156222896764)","([], 260.85113667438935)","([94, 131, 132, 159], 231.1050424228601)"
33,"([], 238.63015900908073)","([], 241.37265781889826)","([30, 65, 73, 86, 167, 198, 213, 233, 242], 254.84139987450942)"
34,"([1, 2, 12, 15, 19, 20, 27, 29, 30, 34, 36, 37, 38, 40, 42, 43, 44, 52, 53, 56, 57, 58, 64, 66, 67, 69, 70, 73, 76, 84, 87, 92, 93, 95, 96, 98, 113, 120, 123, 127, 128, 129, 131, 136, 145, 146, 148, 158, 159, 163, 164, 167, 171, 173, 174, 175, 181, 184, 201, 203, 204, 207, 208, 209, 214, 216, 228, 231, 232, 235, 240, 241, 242, 243, 245], 139.62831112180527)","([53, 131, 146, 249], 402.9233219088545)","([53, 131, 146, 204], 302.2444781696918)"
35,"([1, 3, 5, 8, 9, 10, 11, 14, 15, 19, 20, 21, 22, 23, 27, 32, 36, 38, 39, 41, 42, 43, 44, 47, 48, 49, 51, 53, 55, 56, 57, 58, 61, 62, 66, 67, 68, 70, 77, 80, 81, 82, 83, 84, 87, 89, 90, 91, 94, 96, 97, 99, 100, 101, 105, 106, 109, 115, 117, 121, 124, 126, 127, 128, 129, 130, 131, 132, 134, 137, 139, 142, 145, 146, 147, 149, 151, 153, 154, 155, 158, 162, 166, 168, 171, 172, 173, 177, 179, 181, 182, 183, 184, 185, 187, 189, 194, 197, 200, 204, 205, 206, 208, 209, 214, 215, 219, 220, 222, 223, 228, 229, 230, 231, 232, 233, 236, 237, 238, 242, 243, 244, 247, 249], 168.30919947462294)","([], 247.5527358498659)","([18, 94, 115], 283.7657275990866)"
36,"([4, 7, 9, 14, 20, 22, 26, 40, 44, 45, 48, 50, 54, 55, 56, 60, 79, 80, 81, 83, 84, 88, 89, 95, 99, 109, 112, 113, 115, 129, 130, 137, 144, 146, 149, 153, 155, 160, 161, 165, 167, 172, 176, 179, 181, 184, 185, 187, 198, 199, 204, 205, 210, 213, 215, 216, 219, 223, 228, 231, 238, 240, 245], 132.76197641347764)","([], 255.36722280819183)","([4, 88, 137, 179, 194], 259.4812627257519)"
37,"([3, 23, 35, 63, 77, 85, 86, 91, 97, 98, 114, 115, 117, 119, 120, 127, 161, 176, 178, 191, 199, 221, 227, 237, 244], 165.91023547780043)","([127], 514.6961083729946)","([23, 77, 109, 115, 127, 199], 235.33507371569343)"
38,"([0, 3, 7, 8, 9, 11, 14, 17, 22, 23, 31, 32, 34, 35, 36, 37, 39, 42, 43, 46, 48, 49, 51, 52, 53, 55, 57, 58, 59, 60, 65, 68, 69, 71, 74, 79, 80, 81, 82, 83, 84, 86, 90, 91, 92, 93, 94, 96, 100, 101, 104, 106, 107, 108, 111, 113, 117, 122, 131, 133, 139, 140, 142, 143, 147, 149, 154, 155, 157, 158, 160, 164, 168, 170, 172, 180, 182, 184, 193, 194, 195, 196, 198, 199, 200, 202, 205, 208, 209, 212, 216, 219, 224, 225, 227, 234, 239, 240, 241, 244], 222.74087638104095)","([], 264.1757231323461)","([9, 14, 37, 48, 51, 131, 155, 184, 193, 225], 258.8632929640009)"
39,"([0, 1, 2, 3, 4, 5, 6, 7, 8, 9, 10, 11, 12, 13, 14, 15, 16, 17, 18, 19, 20, 21, 22, 23, 24, 25, 26, 27, 28, 29, 30, 31, 32, 33, 34, 35, 36, 37, 38, 39, 40, 41, 42, 43, 44, 45, 46, 47, 48, 49, 50, 51, 52, 53, 54, 55, 56, 57, 58, 59, 60, 61, 62, 63, 64, 65, 66, 67, 68, 69, 70, 71, 72, 73, 74, 75, 76, 77, 78, 79, 80, 81, 82, 83, 84, 85, 86, 87, 88, 89, 90, 91, 92, 93, 94, 95, 96, 97, 98, 99, 100, 101, 102, 103, 104, 105, 106, 107, 108, 109, 110, 111, 112, 113, 114, 115, 116, 117, 118, 119, 120, 121, 122, 123, 124, 125, 126, 127, 128, 129, 130, 131, 132, 133, 134, 135, 136, 137, 138, 139, 140, 141, 142, 143, 144, 145, 146, 147, 148, 149, 150, 151, 152, 153, 154, 155, 156, 157, 158, 159, 160, 161, 162, 163, 164, 165, 166, 167, 168, 169, 170, 171, 172, 173, 174, 175, 176, 177, 178, 179, 180, 181, 182, 183, 184, 185, 186, 187, 188, 189, 190, 191, 192, 193, 194, 195, 196, 197, 198, 199, 200, 201, 202, 203, 204, 205, 206, 207, 208, 209, 210, 211, 212, 213, 214, 215, 216, 217, 218, 219, 220, 221, 222, 223, 224, 225, 226, 227, 228, 229, 230, 231, 232, 233, 234, 235, 236, 237, 238, 239, 240, 241, 242, 243, 244, 245, 246, 247, 248, 249], 188.65249562331)","([124], 445.4449603018607)","([11, 16, 103, 124, 149], 259.6926205087804)"
40,"([1, 4, 8, 10, 11, 13, 14, 16, 19, 20, 21, 22, 23, 25, 28, 30, 32, 33, 34, 39, 42, 43, 46, 49, 50, 53, 56, 58, 60, 63, 64, 68, 72, 77, 78, 79, 80, 84, 85, 86, 87, 89, 91, 94, 95, 98, 99, 105, 106, 107, 109, 111, 112, 114, 116, 117, 119, 120, 121, 124, 125, 128, 129, 133, 138, 139, 140, 141, 142, 143, 147, 149, 153, 154, 155, 157, 162, 164, 165, 166, 167, 168, 172, 177, 178, 179, 181, 186, 187, 188, 189, 191, 195, 198, 202, 206, 207, 210, 212, 221, 224, 226, 230, 234, 235, 239, 240, 241, 242, 243, 245, 249], 180.12851783623088)","([95, 234], 306.01035429479447)","([60, 95], 280.5666677421467)"
41,"([], 243.84881354365194)","([], 248.91646517429663)","([32, 39, 111, 117, 123, 155, 190, 198], 256.52431078346746)"
42,"([1, 2, 3, 5, 6, 7, 9, 11, 12, 14, 15, 16, 18, 21, 27, 31, 32, 35, 40, 41, 43, 45, 46, 48, 50, 57, 61, 62, 66, 67, 70, 73, 74, 75, 77, 80, 81, 82, 86, 92, 93, 94, 97, 98, 102, 103, 107, 113, 114, 117, 118, 119, 120, 121, 124, 125, 126, 128, 131, 132, 133, 135, 136, 137, 139, 140, 141, 142, 145, 146, 147, 149, 151, 152, 153, 154, 155, 156, 157, 160, 161, 162, 163, 166, 170, 172, 173, 174, 175, 176, 177, 183, 184, 192, 193, 195, 196, 199, 200, 202, 203, 206, 208, 209, 212, 213, 216, 218, 219, 222, 225, 232, 239, 242, 244, 245, 246], 151.67256008580065)","([155, 182, 248], 482.24895310726356)","([7, 31, 66, 86, 107, 125, 139, 155, 193], 255.56908641887603)"
43,"([0, 1, 6, 8, 9, 10, 11, 13, 14, 20, 21, 22, 23, 24, 26, 27, 30, 32, 33, 38, 39, 40, 45, 46, 47, 49, 50, 51, 52, 61, 62, 63, 64, 66, 67, 68, 70, 73, 74, 78, 81, 82, 83, 85, 87, 91, 92, 93, 94, 95, 96, 98, 100, 105, 108, 109, 110, 113, 114, 115, 117, 122, 124, 125, 127, 129, 132, 133, 134, 138, 139, 140, 141, 144, 146, 147, 150, 151, 154, 158, 159, 160, 165, 166, 168, 169, 172, 183, 186, 188, 189, 190, 191, 192, 193, 194, 196, 198, 200, 201, 202, 205, 212, 213, 214, 215, 216, 218, 219, 222, 223, 224, 225, 227, 230, 231, 232, 236, 238, 246], 205.50913607492404)","([], 241.69070630491555)","([11, 39, 51, 100, 113, 117, 122], 248.48278742628676)"
44,"([], 230.4812946420969)","([], 232.98943693871797)","([9, 36, 70, 85, 108, 128], 235.53622959206209)"
45,"([0, 1, 2, 4, 5, 6, 8, 11, 12, 13, 14, 17, 20, 21, 22, 25, 26, 27, 29, 30, 31, 33, 34, 35, 37, 40, 41, 42, 44, 45, 48, 51, 54, 55, 56, 58, 59, 61, 64, 65, 70, 72, 74, 77, 78, 79, 83, 88, 89, 90, 92, 93, 96, 98, 100, 101, 102, 104, 105, 110, 111, 112, 113, 116, 117, 119, 120, 123, 126, 129, 131, 132, 134, 135, 136, 137, 144, 145, 148, 149, 152, 154, 155, 156, 162, 164, 167, 168, 170, 171, 175, 177, 178, 179, 184, 187, 192, 194, 196, 197, 198, 203, 206, 207, 208, 213, 215, 216, 217, 220, 221, 222, 224, 228, 229, 231, 232, 233, 234, 236, 242, 244, 246, 249], 174.55138933565803)","([], 271.97596010014206)","([34, 104, 157, 167, 170, 191], 291.7737816486653)"
46,"([], 222.30506274919125)","([160, 235, 237, 241], 404.4047907561199)","([27, 31, 94, 160, 177, 203, 235, 237], 245.97107878553552)"
47,"([0, 1, 2, 3, 4, 5, 6, 7, 8, 9, 10, 11, 12, 13, 14, 15, 16, 17, 18, 19, 20, 21, 22, 23, 24, 25, 26, 27, 28, 29, 30, 31, 32, 33, 34, 35, 36, 37, 38, 39, 40, 41, 42, 43, 44, 45, 46, 47, 48, 49, 50, 51, 52, 53, 54, 55, 56, 57, 58, 59, 60, 61, 62, 63, 64, 65, 66, 67, 68, 69, 70, 71, 72, 73, 74, 75, 76, 77, 78, 79, 80, 81, 82, 83, 84, 85, 86, 87, 88, 89, 90, 91, 92, 93, 94, 95, 96, 97, 98, 99, 100, 101, 102, 103, 104, 105, 106, 107, 108, 109, 110, 111, 112, 113, 114, 115, 116, 117, 118, 119, 120, 121, 122, 123, 124, 125, 126, 127, 128, 129, 130, 131, 132, 133, 134, 135, 136, 137, 138, 139, 140, 141, 142, 143, 144, 145, 146, 147, 148, 149, 150, 151, 152, 153, 154, 155, 156, 157, 158, 159, 160, 161, 162, 163, 164, 166, 167, 168, 169, 170, 171, 172, 173, 174, 175, 176, 177, 178, 179, 180, 181, 182, 183, 184, 185, 186, 187, 188, 189, 190, 191, 192, 193, 194, 195, 196, 197, 198, 199, 200, 201, 202, 203, 204, 205, 206, 207, 208, 209, 210, 211, 212, 213, 214, 215, 216, 217, 218, 219, 220, 221, 222, 223, 224, 225, 226, 227, 228, 229, 230, 231, 233, 234, 235, 236, 237, 238, 239, 240, 241, 242, 244, 245, 246, 247, 248, 249], 189.6363425445528)","([], 259.38596605922777)","([118, 205], 326.8331046185442)"
48,"([0, 3, 4, 6, 9, 10, 11, 15, 17, 21, 22, 23, 24, 25, 27, 28, 29, 32, 34, 38, 40, 43, 44, 46, 48, 49, 50, 52, 54, 55, 56, 57, 58, 59, 60, 62, 64, 66, 68, 70, 72, 73, 74, 81, 82, 83, 84, 86, 87, 90, 91, 97, 98, 100, 107, 109, 110, 111, 113, 118, 119, 120, 121, 125, 126, 127, 129, 130, 134, 136, 137, 139, 141, 142, 143, 144, 145, 147, 149, 152, 153, 154, 155, 156, 159, 164, 179, 180, 185, 191, 193, 195, 198, 201, 206, 209, 213, 216, 219, 221, 223, 228, 229, 230, 232, 233, 234, 236, 241, 247, 248], 134.18212448854592)","([141, 195], 369.8468898505548)","([22, 31, 107, 156, 191], 284.3810633652038)"
49,"([], 243.3960043743124)","([], 244.39189301893336)","([39, 64, 211], 272.8071458444155)"
50,"([1, 6, 7, 8, 10, 11, 14, 16, 17, 18, 20, 23, 24, 25, 30, 32, 33, 34, 40, 41, 43, 45, 46, 48, 50, 53, 55, 57, 64, 65, 66, 69, 70, 71, 73, 74, 75, 81, 84, 88, 93, 94, 96, 97, 99, 100, 104, 110, 111, 112, 113, 115, 117, 121, 122, 124, 125, 128, 129, 131, 134, 135, 137, 139, 141, 143, 147, 149, 151, 153, 155, 159, 164, 165, 167, 168, 170, 171, 174, 176, 177, 178, 179, 181, 184, 185, 186, 188, 190, 191, 192, 194, 200, 201, 207, 214, 217, 218, 219, 221, 222, 225, 226, 227, 228, 229, 232, 234, 236, 237, 239, 242, 244, 249], 230.59592921743908)","([210, 228], 300.12388715573746)","([8, 94, 122, 137, 184, 221, 228], 238.79394974272984)"
51,"([], 224.62745309706753)","([], 224.58941206170823)","([218], 367.23005346360105)"
52,"([], 246.4346849303994)","([97], 413.83500629513753)","([42, 60, 69, 77, 97, 98, 124, 145], 224.60136388503156)"
53,"([], 241.1014996048661)","([], 240.73541674446292)","([14, 21, 33, 83, 190, 210, 236], 232.17503492264703)"
54,"([0, 3, 6, 7, 9, 13, 16, 17, 18, 20, 26, 27, 30, 33, 35, 36, 45, 57, 58, 60, 63, 64, 66, 73, 74, 75, 79, 80, 84, 89, 90, 92, 96, 98, 99, 104, 110, 112, 114, 117, 120, 123, 124, 125, 130, 132, 134, 141, 142, 147, 153, 155, 161, 175, 178, 179, 180, 182, 195, 198, 201, 202, 208, 211, 217, 219, 222, 224, 228, 233, 235, 242, 246, 247], 160.59751012488553)","([], 247.60077005937836)","([26, 43, 57, 60, 125, 178, 219, 222], 252.50983210659692)"
55,"([], 255.42900727736384)","([81, 125, 131], 390.61313367143663)","([52, 81, 101, 120, 140], 263.6975790572783)"
56,"([], 243.7756234779553)","([38, 42, 64, 107, 118, 123, 185], 383.6160412849903)","([31, 42, 83, 123, 179, 182], 245.45442819477697)"
57,"([1, 2, 8, 9, 11, 15, 16, 17, 18, 19, 20, 22, 23, 24, 26, 27, 31, 33, 35, 36, 39, 40, 44, 48, 49, 51, 53, 54, 55, 63, 65, 66, 68, 70, 72, 75, 77, 78, 79, 81, 85, 89, 92, 96, 97, 98, 100, 105, 111, 114, 116, 117, 118, 121, 122, 125, 133, 134, 135, 142, 143, 145, 149, 150, 151, 158, 160, 161, 164, 170, 176, 177, 178, 179, 183, 184, 185, 191, 192, 193, 194, 196, 197, 200, 201, 202, 203, 204, 205, 213, 215, 217, 219, 224, 226, 228, 233, 234, 236, 237, 239, 241, 244, 245, 247], 159.75880659231927)","([], 251.39714177958842)","([44, 63, 66, 68, 98, 105], 258.3070745802034)"
58,"([0, 2, 4, 5, 6, 7, 8, 9, 10, 12, 14, 15, 16, 17, 18, 19, 20, 21, 22, 23, 24, 26, 27, 28, 30, 31, 32, 33, 34, 35, 36, 37, 39, 40, 41, 42, 45, 46, 47, 48, 49, 50, 51, 52, 53, 55, 56, 57, 58, 59, 61, 62, 63, 64, 65, 66, 69, 70, 71, 72, 74, 75, 76, 78, 79, 83, 84, 85, 88, 89, 91, 92, 93, 95, 96, 97, 98, 99, 100, 101, 102, 103, 104, 106, 108, 109, 110, 112, 113, 114, 115, 116, 117, 118, 119, 120, 122, 123, 124, 125, 126, 127, 129, 130, 131, 133, 136, 138, 139, 140, 142, 144, 147, 148, 149, 150, 151, 152, 153, 154, 155, 157, 158, 159, 161, 166, 170, 173, 174, 175, 176, 177, 178, 180, 181, 182, 183, 184, 186, 188, 189, 190, 192, 193, 194, 196, 197, 198, 199, 200, 201, 202, 203, 205, 206, 207, 211, 212, 213, 216, 219, 221, 223, 224, 225, 226, 227, 228, 229, 230, 233, 235, 236, 237, 238, 239, 240, 241, 245, 246], 208.1993402576758)","([98, 106, 115, 180, 201, 237], 398.2998225639233)","([47, 98, 142, 180, 237], 319.6731923979623)"
59,"([1, 2, 3, 5, 6, 8, 9, 10, 11, 12, 13, 14, 15, 17, 19, 24, 28, 29, 30, 31, 32, 36, 37, 38, 39, 40, 41, 42, 43, 45, 46, 47, 50, 51, 52, 54, 57, 58, 61, 62, 63, 64, 68, 72, 73, 76, 79, 81, 87, 89, 91, 94, 95, 96, 99, 100, 102, 104, 105, 108, 110, 112, 114, 117, 119, 120, 121, 122, 125, 131, 133, 135, 138, 139, 140, 141, 143, 145, 148, 149, 150, 154, 155, 157, 161, 162, 164, 165, 177, 178, 179, 180, 182, 184, 187, 189, 192, 193, 196, 203, 204, 205, 210, 213, 218, 220, 221, 222, 225, 226, 227, 230, 231, 233, 234, 235, 238, 242, 245, 247, 248, 249], 185.77542404399213)","([96, 147, 187, 195, 242], 372.5424913074258)","([32, 47, 96, 161, 187, 220, 245], 280.0496623823405)"
60,"([], 278.5057943411992)","([63, 128, 150, 200, 238], 325.43376370994525)","([63, 94, 149, 150, 197, 200, 238], 295.6663268605998)"
61,"([], 255.6547305008776)","([116, 217], 401.6479570640236)","([23, 65, 94, 219], 276.75839380237204)"
62,"([], 261.5617953434734)","([], 262.7223117464376)","([24, 73, 136], 321.78178724277757)"
63,"([], 241.24685633768408)","([], 242.71722342972086)","([15, 87, 115, 136, 165, 216], 246.56464941717098)"
64,"([], 250.3182083014434)","([], 250.16187660213595)","([2, 26, 59, 78, 102, 141], 287.6809071432986)"
65,"([2, 3, 8, 9, 11, 13, 15, 17, 21, 26, 27, 28, 29, 30, 32, 33, 38, 40, 42, 43, 44, 45, 48, 49, 50, 56, 57, 59, 63, 64, 72, 73, 83, 86, 88, 89, 90, 92, 94, 97, 98, 100, 104, 106, 107, 110, 113, 117, 118, 122, 123, 129, 131, 133, 134, 138, 140, 142, 144, 145, 147, 149, 151, 152, 153, 154, 157, 158, 163, 165, 166, 167, 168, 170, 172, 173, 176, 177, 180, 182, 185, 186, 189, 190, 194, 196, 197, 198, 200, 204, 209, 210, 211, 214, 215, 228, 237, 238, 243, 249], 168.7366142178905)","([131, 204, 235], 381.8398078162247)","([86, 107, 117, 131, 168], 261.1843115468511)"
66,"([], 235.01175088420067)","([87], 468.25324433582165)","([71, 87, 89, 98, 133, 158, 193, 210], 222.7398222508629)"
67,"([0, 1, 3, 4, 5, 7, 9, 10, 11, 12, 14, 15, 16, 17, 19, 20, 21, 22, 25, 26, 27, 28, 29, 30, 32, 34, 36, 37, 38, 40, 41, 42, 44, 45, 46, 47, 48, 49, 50, 51, 52, 53, 55, 57, 60, 61, 62, 63, 64, 65, 66, 70, 71, 72, 73, 74, 75, 76, 77, 78, 79, 80, 81, 83, 84, 86, 90, 91, 92, 93, 94, 95, 98, 99, 102, 103, 104, 105, 106, 107, 108, 110, 111, 112, 113, 114, 116, 117, 118, 119, 120, 124, 125, 126, 127, 130, 131, 132, 133, 134, 140, 142, 144, 145, 146, 147, 149, 150, 151, 152, 155, 156, 157, 159, 160, 161, 162, 163, 164, 167, 169, 170, 171, 176, 177, 178, 179, 181, 182, 184, 187, 189, 193, 194, 195, 196, 197, 200, 201, 202, 205, 206, 208, 209, 213, 216, 218, 220, 221, 222, 224, 225, 226, 227, 228, 230, 232, 233, 234, 235, 237, 239, 244, 245, 246, 247, 249], 185.13870636855324)","([107], 377.22746019464233)","([15, 107, 133, 184], 241.51732535188546)"
68,"([1, 7, 9, 10, 13, 14, 16, 17, 18, 19, 21, 23, 25, 26, 27, 28, 30, 31, 34, 37, 41, 51, 53, 58, 60, 64, 65, 67, 68, 70, 71, 72, 73, 75, 79, 80, 82, 83, 84, 88, 89, 92, 95, 96, 97, 99, 104, 106, 110, 112, 117, 119, 123, 125, 127, 128, 129, 130, 133, 135, 137, 138, 139, 140, 143, 146, 147, 150, 151, 152, 153, 154, 160, 166, 167, 172, 173, 174, 177, 179, 180, 181, 182, 189, 190, 194, 195, 197, 201, 202, 203, 209, 210, 212, 216, 217, 220, 221, 222, 223, 224, 225, 228, 229, 230, 231, 232, 234, 238, 241, 243, 248, 249], 149.5154478464761)","([104, 172], 382.94782888211205)","([104, 128, 139, 153, 210], 278.5793169720309)"
69,"([], 247.53346723422698)","([32, 72, 155, 213], 376.7062830549263)","([8, 32, 72, 92, 131, 187, 211, 229], 250.25153203034355)"
70,"([3, 4, 5, 8, 9, 10, 15, 17, 18, 22, 25, 26, 28, 29, 33, 34, 35, 36, 39, 40, 42, 45, 52, 56, 57, 58, 59, 61, 62, 63, 67, 68, 69, 71, 76, 80, 81, 86, 93, 99, 103, 107, 109, 110, 112, 113, 115, 117, 118, 120, 123, 124, 126, 127, 128, 129, 131, 134, 139, 143, 148, 149, 153, 154, 163, 165, 169, 170, 172, 173, 179, 184, 185, 186, 187, 189, 191, 193, 199, 202, 203, 204, 205, 206, 207, 211, 214, 215, 220, 222, 223, 224, 227, 228, 230, 231, 233, 239, 240, 244, 247], 187.37839725610968)","([185, 215], 399.1682441689374)","([123, 124, 127, 131, 185], 249.14596090806427)"
71,"([2, 4, 5, 6, 10, 11, 12, 13, 14, 15, 17, 18, 21, 22, 23, 27, 28, 30, 31, 32, 33, 34, 35, 36, 39, 42, 44, 46, 47, 49, 51, 53, 54, 57, 59, 60, 61, 62, 63, 65, 66, 67, 70, 71, 72, 73, 74, 77, 78, 80, 81, 82, 83, 84, 85, 87, 88, 89, 92, 94, 95, 96, 99, 100, 101, 102, 103, 104, 105, 108, 110, 111, 112, 113, 115, 116, 117, 119, 120, 122, 124, 129, 130, 131, 132, 134, 135, 137, 138, 142, 144, 145, 147, 148, 149, 152, 154, 155, 157, 158, 159, 160, 162, 163, 164, 165, 169, 171, 174, 177, 178, 179, 180, 181, 182, 185, 188, 189, 191, 192, 193, 197, 199, 200, 202, 203, 204, 205, 206, 208, 210, 211, 214, 217, 218, 219, 229, 231, 234, 235, 238, 242, 243], 184.4174388627061)","([158, 181], 327.9069645332489)","([137, 181, 193, 242], 296.71134400705756)"
72,"([0, 3, 4, 6, 7, 10, 13, 19, 20, 24, 25, 27, 33, 38, 39, 43, 46, 49, 53, 54, 55, 56, 57, 58, 60, 61, 63, 71, 72, 75, 76, 79, 80, 82, 91, 94, 95, 98, 99, 100, 101, 102, 106, 114, 115, 117, 118, 120, 124, 125, 128, 129, 130, 131, 141, 144, 145, 146, 149, 150, 155, 159, 162, 165, 166, 168, 169, 170, 172, 175, 177, 179, 181, 183, 184, 185, 187, 188, 189, 192, 193, 195, 201, 203, 204, 205, 207, 210, 212, 220, 221, 224, 225, 230, 232, 233, 234, 239, 241, 245, 246, 249], 144.13947790663153)","([], 270.4027491760149)","([57, 71, 115, 171, 195, 204, 212], 268.82895320896006)"
73,"([1, 4, 7, 10, 14, 15, 16, 20, 23, 29, 31, 32, 34, 39, 40, 54, 56, 57, 58, 64, 65, 67, 69, 70, 71, 77, 79, 80, 81, 82, 87, 91, 96, 97, 98, 101, 106, 107, 110, 111, 113, 114, 116, 123, 124, 125, 126, 128, 129, 136, 140, 143, 144, 146, 147, 148, 149, 150, 152, 153, 155, 157, 159, 164, 167, 168, 169, 170, 171, 174, 180, 181, 183, 184, 186, 187, 193, 195, 202, 203, 205, 207, 214, 215, 217, 218, 220, 222, 224, 227, 228, 229, 231, 234, 235, 239, 241, 242, 244, 249], 190.49653365977952)","([], 242.8760842072807)","([14, 29, 70, 71, 87, 217, 229], 270.6019163339863)"
74,"([], 225.12435989584057)","([83, 153, 186, 201, 203, 219, 232], 356.21156743974547)","([80, 83, 105, 154, 201, 219, 234, 245], 226.01273916754207)"
75,"([0, 4, 5, 7, 8, 9, 11, 12, 14, 18, 19, 22, 23, 24, 26, 28, 29, 30, 32, 33, 35, 37, 39, 40, 41, 42, 46, 50, 51, 52, 54, 55, 57, 58, 60, 62, 63, 66, 67, 69, 74, 76, 87, 88, 89, 90, 91, 96, 97, 99, 100, 102, 103, 104, 105, 111, 117, 119, 121, 122, 123, 126, 127, 128, 129, 130, 132, 133, 134, 135, 136, 138, 139, 141, 143, 148, 150, 151, 152, 153, 155, 156, 157, 160, 162, 163, 165, 166, 167, 168, 169, 172, 173, 174, 177, 179, 185, 188, 190, 195, 198, 199, 200, 205, 206, 207, 210, 211, 212, 214, 215, 216, 217, 218, 220, 222, 223, 224, 225, 226, 227, 229, 230, 231, 232, 234, 240, 242, 244, 245, 246, 247, 248, 249], 212.52375759295415)","([118, 174, 195], 344.6265038111312)","([35, 39, 58, 118, 174, 195, 220, 245], 263.49465670830267)"
76,"([1, 4, 6, 8, 9, 10, 12, 15, 17, 18, 19, 20, 21, 22, 24, 25, 26, 27, 28, 30, 32, 33, 34, 37, 38, 40, 43, 46, 48, 49, 51, 52, 53, 56, 58, 59, 60, 64, 67, 68, 70, 71, 72, 76, 80, 82, 84, 87, 88, 89, 93, 97, 98, 99, 100, 102, 103, 105, 106, 107, 109, 111, 112, 114, 116, 118, 121, 122, 124, 131, 132, 133, 136, 137, 139, 140, 141, 143, 144, 145, 146, 150, 151, 155, 157, 159, 160, 161, 162, 164, 167, 169, 170, 173, 174, 175, 176, 180, 183, 184, 187, 189, 193, 195, 199, 201, 202, 203, 204, 207, 210, 212, 213, 214, 215, 216, 217, 220, 222, 223, 224, 225, 226, 227, 228, 230, 232, 233, 236, 237, 238, 241, 242, 245, 246, 247, 249], 190.5643335195607)","([], 266.8088702013247)","([124, 195, 199, 214, 215, 224, 226, 236], 269.48818444037084)"
77,"([], 232.76105240541003)","([222], 407.5068823895713)","([71, 131, 164, 222], 238.4387080875216)"
78,"([1, 3, 4, 5, 7, 8, 10, 13, 14, 15, 20, 21, 23, 28, 30, 33, 40, 41, 42, 43, 46, 50, 52, 55, 62, 64, 67, 68, 71, 75, 77, 84, 89, 91, 93, 99, 100, 102, 105, 107, 113, 114, 116, 117, 118, 120, 121, 129, 131, 132, 133, 135, 139, 143, 146, 153, 154, 156, 157, 158, 159, 163, 165, 166, 168, 170, 171, 178, 180, 182, 183, 186, 190, 193, 194, 195, 197, 202, 207, 208, 209, 211, 212, 213, 215, 216, 220, 224, 228, 230, 232, 236, 239, 243, 246, 247, 248, 249], 177.88159681892623)","([], 239.162022099093)","([107, 129, 166, 194, 224], 226.0240095195037)"
79,"([24, 27, 30, 35, 38, 40, 47, 63, 68, 71, 74, 81, 88, 91, 95, 96, 98, 106, 124, 127, 131, 133, 151, 156, 162, 166, 168, 176, 177, 179, 182, 190, 207, 208, 215, 223, 227, 230, 242, 243], 159.29654637305887)","([], 246.52238858222944)","([47, 71], 315.9356024693168)"
80,"([0, 2, 3, 6, 8, 10, 12, 14, 15, 16, 19, 20, 21, 22, 23, 25, 30, 34, 35, 37, 42, 46, 48, 51, 52, 55, 56, 57, 63, 64, 65, 66, 67, 69, 70, 71, 72, 73, 77, 83, 84, 87, 91, 93, 94, 96, 99, 100, 103, 104, 108, 109, 110, 114, 116, 121, 123, 125, 126, 129, 130, 131, 134, 136, 137, 141, 142, 143, 144, 149, 150, 153, 154, 155, 156, 159, 163, 164, 165, 166, 167, 168, 173, 175, 179, 180, 181, 182, 183, 184, 187, 189, 190, 192, 193, 194, 196, 199, 202, 203, 205, 206, 213, 214, 215, 216, 218, 219, 221, 222, 228, 229, 235, 239, 242, 246, 247, 248, 249], 183.07715067309474)","([], 226.61107965965863)","([73, 164, 194], 305.1354183549887)"
81,"([], 277.00950937173957)","([], 272.97337459233404)","([65, 77, 85, 110, 114, 171, 211, 219, 229, 249], 256.38485027769144)"
82,"([1, 3, 4, 5, 6, 7, 9, 11, 12, 15, 16, 19, 21, 23, 24, 25, 29, 30, 32, 33, 35, 36, 37, 38, 39, 40, 42, 43, 45, 46, 51, 52, 53, 54, 55, 56, 58, 60, 61, 64, 65, 66, 67, 69, 70, 72, 73, 75, 80, 83, 84, 85, 87, 89, 90, 91, 92, 93, 98, 101, 105, 108, 109, 111, 113, 114, 115, 117, 120, 121, 123, 124, 125, 126, 127, 128, 130, 131, 133, 135, 137, 140, 142, 143, 148, 149, 150, 151, 153, 154, 156, 157, 158, 163, 164, 167, 169, 170, 173, 174, 176, 178, 179, 180, 183, 184, 185, 186, 187, 188, 189, 190, 191, 193, 194, 200, 201, 202, 203, 204, 206, 207, 208, 209, 212, 214, 216, 217, 218, 219, 222, 223, 225, 226, 232, 235, 236, 237, 238, 241, 243, 244, 245, 246, 247, 248], 179.88434256733618)","([178, 247], 385.5501128811544)","([27, 55, 65, 178, 179, 246], 279.1591267844892)"
83,"([0, 1, 2, 3, 4, 5, 6, 7, 8, 9, 10, 11, 12, 13, 14, 15, 16, 17, 18, 19, 20, 21, 23, 24, 25, 26, 27, 28, 29, 30, 31, 32, 33, 34, 35, 36, 37, 38, 39, 40, 41, 42, 43, 44, 45, 46, 47, 48, 49, 50, 51, 52, 53, 54, 55, 56, 57, 58, 59, 60, 61, 62, 63, 64, 65, 66, 67, 68, 69, 70, 71, 72, 73, 74, 75, 76, 77, 78, 79, 80, 81, 82, 83, 84, 85, 86, 87, 88, 89, 90, 91, 92, 93, 94, 95, 96, 97, 98, 99, 100, 101, 102, 103, 104, 105, 106, 107, 108, 109, 110, 111, 112, 113, 114, 115, 116, 117, 118, 119, 120, 121, 122, 123, 124, 125, 126, 127, 128, 129, 130, 131, 132, 133, 134, 135, 136, 137, 138, 139, 140, 142, 143, 144, 145, 146, 147, 148, 149, 150, 151, 152, 153, 154, 155, 156, 157, 158, 160, 161, 162, 163, 164, 165, 166, 167, 168, 169, 170, 171, 172, 173, 174, 175, 176, 177, 178, 179, 180, 181, 182, 183, 184, 185, 186, 187, 188, 189, 190, 191, 192, 193, 194, 195, 196, 197, 198, 199, 200, 201, 202, 203, 204, 205, 206, 207, 208, 209, 210, 211, 213, 214, 215, 216, 217, 218, 220, 221, 222, 223, 224, 225, 226, 227, 228, 229, 230, 231, 232, 233, 234, 235, 236, 237, 238, 239, 240, 241, 242, 243, 244, 245, 246, 248, 249], 173.19311716770335)","([155, 177], 426.53086047728056)","([31, 80, 83, 194, 205], 257.3231424660906)"
84,"([], 246.35901829900504)","([], 248.82513377563637)","([41, 109, 150, 165, 189, 192, 207], 231.54272948970728)"
85,"([0, 1, 2, 3, 4, 5, 6, 8, 9, 10, 11, 13, 14, 15, 16, 17, 19, 20, 21, 22, 23, 25, 26, 27, 31, 32, 33, 35, 36, 38, 39, 40, 41, 43, 44, 45, 47, 48, 49, 50, 52, 53, 54, 56, 58, 59, 60, 61, 63, 64, 65, 66, 67, 68, 69, 70, 71, 72, 73, 75, 77, 79, 81, 82, 84, 85, 87, 88, 89, 90, 91, 92, 93, 94, 100, 101, 103, 104, 105, 106, 109, 111, 112, 113, 114, 115, 117, 118, 120, 121, 122, 123, 124, 125, 126, 127, 128, 129, 131, 132, 133, 134, 136, 137, 138, 140, 141, 142, 143, 144, 145, 146, 147, 148, 149, 150, 151, 152, 153, 156, 157, 158, 159, 160, 161, 162, 163, 164, 166, 167, 168, 169, 170, 171, 172, 173, 174, 175, 177, 178, 179, 180, 181, 182, 183, 184, 185, 186, 187, 188, 189, 190, 191, 192, 193, 194, 195, 196, 198, 199, 200, 201, 202, 203, 205, 206, 209, 210, 211, 213, 214, 216, 219, 220, 221, 222, 223, 224, 228, 229, 230, 231, 232, 233, 234, 236, 237, 238, 239, 240, 241, 242, 243, 244, 245, 246, 247, 248], 187.7346738068223)","([64, 183], 450.4452268402709)","([6, 8, 91, 162, 179], 325.5120313708958)"
86,"([1, 4, 5, 8, 10, 11, 13, 14, 15, 16, 17, 23, 29, 31, 38, 40, 41, 42, 44, 45, 48, 52, 55, 57, 62, 64, 65, 67, 69, 70, 71, 73, 74, 77, 81, 84, 86, 89, 93, 95, 98, 99, 101, 102, 106, 110, 114, 117, 121, 124, 128, 129, 133, 134, 135, 138, 139, 140, 143, 145, 146, 148, 150, 154, 155, 156, 157, 158, 160, 161, 165, 167, 168, 172, 176, 184, 187, 188, 190, 191, 195, 197, 198, 200, 201, 203, 205, 206, 212, 213, 214, 215, 217, 220, 222, 226, 229, 231, 240, 242, 244, 247], 176.36563742710604)","([93], 474.16056001428456)","([73, 93, 198], 372.3769727058932)"
87,"([], 255.685566246018)","([], 256.2506880687223)","([28, 71, 99, 107, 211], 296.84478210918957)"
88,"([0, 1, 2, 4, 7, 8, 9, 10, 11, 12, 13, 16, 17, 18, 20, 21, 23, 25, 26, 29, 30, 33, 36, 37, 38, 39, 40, 41, 42, 43, 44, 45, 46, 47, 48, 49, 50, 55, 57, 58, 59, 60, 62, 64, 65, 66, 68, 69, 71, 74, 75, 77, 78, 83, 88, 89, 90, 92, 94, 95, 96, 98, 99, 103, 104, 108, 109, 110, 111, 112, 113, 115, 117, 118, 119, 121, 122, 124, 125, 127, 131, 133, 134, 138, 139, 143, 144, 145, 146, 149, 150, 151, 153, 154, 155, 157, 159, 160, 161, 162, 163, 164, 167, 170, 171, 172, 173, 175, 176, 177, 179, 180, 182, 187, 190, 192, 194, 195, 196, 197, 199, 202, 203, 205, 207, 209, 212, 213, 216, 220, 221, 224, 225, 227, 228, 229, 231, 232, 234, 238, 239, 244, 245, 246, 247, 249], 188.07704520590033)","([149, 225, 231], 358.61412166475367)","([4, 9, 149, 229, 231], 252.83761201823708)"
89,"([1, 2, 3, 7, 8, 9, 10, 11, 13, 15, 16, 17, 19, 20, 21, 22, 24, 31, 32, 33, 38, 39, 41, 44, 46, 47, 48, 49, 50, 51, 52, 53, 55, 57, 59, 60, 62, 63, 64, 67, 68, 70, 71, 73, 74, 76, 79, 80, 81, 82, 84, 86, 87, 88, 90, 91, 92, 93, 94, 95, 96, 97, 99, 102, 104, 105, 108, 109, 110, 111, 112, 113, 114, 115, 116, 117, 118, 121, 123, 124, 125, 126, 127, 129, 130, 133, 136, 137, 140, 141, 144, 145, 146, 147, 148, 150, 153, 154, 155, 160, 161, 164, 165, 166, 167, 168, 169, 170, 171, 172, 175, 178, 181, 182, 184, 185, 187, 189, 191, 192, 193, 197, 198, 199, 200, 201, 203, 204, 205, 206, 207, 210, 211, 212, 213, 214, 215, 216, 220, 222, 224, 225, 226, 227, 230, 232, 233, 234, 235, 236, 237, 238, 239, 241, 243, 246], 158.84607000989212)","([157, 161, 201], 412.643624868538)","([86, 211], 290.21542165150703)"
90,"([], 239.1006251160998)","([], 240.6119066345417)","([110, 119, 134, 157, 158, 189, 197, 237], 261.9686899446867)"
91,"([0, 4, 6, 7, 8, 12, 14, 18, 19, 20, 25, 30, 33, 34, 36, 38, 39, 40, 41, 46, 47, 53, 58, 60, 63, 64, 73, 76, 78, 80, 81, 83, 85, 86, 89, 93, 95, 96, 97, 100, 101, 102, 103, 105, 107, 108, 109, 112, 114, 115, 116, 117, 119, 122, 123, 124, 127, 131, 134, 142, 145, 146, 147, 148, 149, 152, 153, 154, 155, 158, 160, 161, 165, 166, 172, 174, 175, 180, 181, 182, 183, 185, 186, 187, 188, 189, 190, 191, 194, 195, 197, 198, 204, 206, 211, 212, 213, 217, 219, 220, 223, 225, 228, 232, 234, 235, 236, 239, 240, 241, 242, 243, 244, 247], 189.22497277492488)","([155, 160], 392.11839632048503)","([32, 85, 117, 131, 155, 158, 160, 193, 211, 217], 245.30516141848398)"
92,"([0, 1, 2, 4, 5, 7, 9, 10, 11, 13, 14, 15, 18, 21, 23, 26, 27, 32, 35, 36, 37, 40, 41, 44, 47, 48, 49, 53, 56, 57, 60, 61, 64, 65, 66, 67, 68, 70, 71, 73, 74, 75, 76, 77, 78, 80, 81, 84, 85, 86, 88, 90, 92, 94, 96, 97, 98, 99, 100, 101, 104, 105, 109, 112, 113, 115, 116, 118, 119, 120, 121, 122, 124, 125, 126, 127, 128, 129, 130, 131, 134, 139, 140, 143, 146, 147, 149, 151, 154, 156, 157, 161, 164, 165, 166, 167, 173, 174, 177, 178, 180, 182, 183, 184, 187, 188, 189, 190, 191, 192, 193, 194, 196, 200, 202, 204, 207, 209, 210, 213, 214, 215, 217, 218, 220, 221, 223, 225, 226, 228, 230, 231, 232, 233, 236, 238, 244, 246, 247, 248], 206.95501837610382)","([134, 177], 354.28819927718814)","([119, 177], 285.73202788981126)"
93,"([0, 1, 3, 4, 7, 10, 15, 18, 20, 24, 27, 29, 32, 35, 36, 38, 39, 40, 41, 44, 45, 47, 48, 50, 51, 56, 57, 58, 63, 65, 67, 74, 77, 78, 79, 80, 88, 89, 93, 95, 96, 97, 98, 100, 103, 105, 106, 111, 112, 114, 116, 118, 120, 121, 124, 125, 126, 127, 131, 133, 135, 137, 140, 141, 143, 152, 153, 154, 155, 160, 167, 169, 170, 171, 172, 173, 174, 175, 176, 178, 179, 184, 185, 187, 193, 195, 196, 198, 206, 207, 210, 211, 223, 225, 230, 234, 236, 238, 242, 243, 244, 246, 248, 249], 204.95774203423102)","([211], 465.7659678097662)","([4, 18, 88, 121, 125, 141, 153, 170, 211], 240.15990940116603)"
94,"([], 243.96714207691792)","([], 244.37612708366987)","([94, 106, 239, 246], 274.09419119823156)"
95,"([], 222.28903382732275)","([], 222.89792233504755)","([39, 80, 115, 136, 147, 220], 210.46910593806814)"
96,"([], 261.61633009053844)","([102], 526.6550407971985)","([2, 30, 37, 57, 62, 91, 122, 248], 255.0582917889838)"
97,"([], 270.60377810276935)","([96, 153, 171, 207, 226], 374.8567709936606)","([6, 157, 171, 207, 220, 226, 227], 274.4694297628972)"
98,"([2, 3, 4, 5, 7, 8, 11, 12, 15, 16, 19, 21, 22, 23, 24, 25, 26, 28, 41, 43, 46, 47, 49, 50, 51, 53, 55, 56, 57, 58, 60, 62, 65, 66, 67, 70, 72, 75, 76, 78, 79, 81, 84, 85, 88, 90, 92, 95, 97, 98, 99, 100, 102, 103, 104, 105, 106, 107, 108, 114, 115, 118, 120, 122, 124, 125, 126, 129, 131, 133, 137, 138, 140, 142, 143, 146, 147, 148, 149, 150, 152, 153, 155, 160, 161, 162, 163, 166, 167, 169, 170, 171, 172, 173, 174, 176, 177, 178, 179, 180, 181, 182, 183, 189, 191, 192, 193, 194, 197, 199, 201, 202, 204, 205, 208, 209, 210, 211, 213, 214, 215, 217, 218, 219, 220, 221, 222, 223, 224, 225, 226, 227, 228, 229, 230, 233, 236, 237, 242, 243, 245, 249], 217.21587596721557)","([217], 414.3638875202493)","([217], 350.7421354498224)"
99,"([5, 16, 30, 32, 55, 81, 87, 92, 97, 100, 110, 117, 118, 142, 143, 148, 153, 154, 157, 169, 178, 181, 232, 237], 198.6851782080384)","([92, 143, 220], 321.4365015714118)","([18, 30, 55, 92, 117, 143], 224.99053188943006)"
